Workbook

Sheet README
A1: SA1 Section II - Bitcoin & Ethereum Return Analysis (Workbook)
A3: Purpose | B3: Spreadsheet companion to the Python program. Part 1: find the distribution that best fits BTC/USD 1-minute returns (Kolmogorov-Smirnov, as in the Medium article). Part 2: Shapiro-Wilk normality test on ETH/USD 5-minute returns.
A4: Source article | B4: Moro, P.G.F. (2021). Modelling Bitcoin Returns. Analytics Vidhya. https://medium.com/analytics-vidhya/modelling-bitcoin-returns-e6c3d286c00f
A5: Data (BTC) | B5: Kaggle 'Bitcoin Historical Data' (mczielinski), Bitstamp BTC/USD 1-minute OHLCV, as cited by the article.
A6: IMPORTANT - demo data | B6: BTC_Data and ETH_Data currently hold SYNTHETIC demo prices (random seed 42) so the formulas can be seen working. They are NOT real market data. Replace them before using any result in your report.
A7: Why a sample? | B7: Excel allows 1,048,576 rows per sheet; the full 1-minute BTC file has millions. This workbook handles up to 1,000 returns. Run the full dataset in Python and paste its output into the 'Python results' blocks.
A8: Colour legend | B8: Blue text = input you edit. Black = formula. Yellow fill = key assumption / paste area. Green fill = result.
A9: How to use | B9: 1) Paste Datetime and Close price into BTC_Data columns A:B (row 2 onward, max 1,001 prices). 2) Read BTC_Fit: lowest KS statistic D = best fit. 3) Paste ETH prices into ETH_Data. 4) In ETH_Normality paste the Shapiro-Wilk statistic and p-value from your Python run.
A10: Method differences vs. article | B10: The article draws a random sample from each distribution and runs a two-sample KS test, and uses mid-price daily returns. Here returns are simple returns of Close at the data frequency (as your Python code does), and D is the one-sample KS distance between the empirical CDF and the fitted theoretical CDF (parameters estimated from the data). This avoids random-sample noise.
A11: Limitations | B11: With parameters estimated from the same data, standard KS critical values are conservative (Lilliefors issue). Use D mainly to RANK distributions. Excel's TDIST needs integer degrees of freedom, so df is rounded. Shapiro-Wilk is only reliable for n <= 5,000 (SciPy warns above that).
A12: Distributions tested | B12: Normal, Student-t (location-scale), Laplace, Logistic. Tsallis and power law from the article are omitted because they have no native spreadsheet CDF; add them in Python (scipy / 'fitter').

Sheet BTC_Data
A1: Datetime | B1: Close (USD) | C1: Return | D1: (unused) | F1: Paste real Close prices over the blue cells (A:B). Max 1,001 rows.
A2: 2012-01-01 00:00 | B2: 100
A3: 2012-01-01 00:01 | B3: 100.07145 | C3: =IF(AND(ISNUMBER(B3),ISNUMBER(B2),B2<>0),B3/B2-1,"") -> 0.00071449 | D3: =IF(ISNUMBER(C3),ABS(C3-BTC_Fit!$B$9),"") -> 0.00072385326
A4: 2012-01-01 00:02 | B4: 100.05971 | C4: =IF(AND(ISNUMBER(B4),ISNUMBER(B3),B3<>0),B4/B3-1,"") -> -0.00011734616 | D4: =IF(ISNUMBER(C4),ABS(C4-BTC_Fit!$B$9),"") -> 0.0001079829
A5: 2012-01-01 00:03 | B5: 100.17344 | C5: =IF(AND(ISNUMBER(B5),ISNUMBER(B4),B4<>0),B5/B4-1,"") -> 0.0011367013 | D5: =IF(ISNUMBER(C5),ABS(C5-BTC_Fit!$B$9),"") -> 0.0011460646
A6: 2012-01-01 00:04 | B6: 100.21871 | C6: =IF(AND(ISNUMBER(B6),ISNUMBER(B5),B5<>0),B6/B5-1,"") -> 0.00045187625 | D6: =IF(ISNUMBER(C6),ABS(C6-BTC_Fit!$B$9),"") -> 0.00046123951
A7: 2012-01-01 00:05 | B7: 100.06813 | C7: =IF(AND(ISNUMBER(B7),ISNUMBER(B6),B6<>0),B7/B6-1,"") -> -0.0015024839 | D7: =IF(ISNUMBER(C7),ABS(C7-BTC_Fit!$B$9),"") -> 0.0014931207
A8: 2012-01-01 00:06 | B8: 100.3402 | C8: =IF(AND(ISNUMBER(B8),ISNUMBER(B7),B7<>0),B8/B7-1,"") -> 0.0027188476 | D8: =IF(ISNUMBER(C8),ABS(C8-BTC_Fit!$B$9),"") -> 0.0027282108
A9: 2012-01-01 00:07 | B9: 100.40691 | C9: =IF(AND(ISNUMBER(B9),ISNUMBER(B8),B8<>0),B9/B8-1,"") -> 0.00066485813 | D9: =IF(ISNUMBER(C9),ABS(C9-BTC_Fit!$B$9),"") -> 0.00067422139
A10: 2012-01-01 00:08 | B10: 100.48363 | C10: =IF(AND(ISNUMBER(B10),ISNUMBER(B9),B9<>0),B10/B9-1,"") -> 0.000764041 | D10: =IF(ISNUMBER(C10),ABS(C10-BTC_Fit!$B$9),"") -> 0.00077340426
A11: 2012-01-01 00:09 | B11: 100.36048 | C11: =IF(AND(ISNUMBER(B11),ISNUMBER(B10),B10<>0),B11/B10-1,"") -> -0.001225523 | D11: =IF(ISNUMBER(C11),ABS(C11-BTC_Fit!$B$9),"") -> 0.0012161597
A12: 2012-01-01 00:10 | B12: 100.35105 | C12: =IF(AND(ISNUMBER(B12),ISNUMBER(B11),B11<>0),B12/B11-1,"") -> -9.405096e-05 | D12: =IF(ISNUMBER(C12),ABS(C12-BTC_Fit!$B$9),"") -> 8.46877e-05
A13: 2012-01-01 00:11 | B13: 100.32405 | C13: =IF(AND(ISNUMBER(B13),ISNUMBER(B12),B12<>0),B13/B12-1,"") -> -0.00026905549 | D13: =IF(ISNUMBER(C13),ABS(C13-BTC_Fit!$B$9),"") -> 0.00025969223
A14: 2012-01-01 00:12 | B14: 100.49749 | C14: =IF(AND(ISNUMBER(B14),ISNUMBER(B13),B13<>0),B14/B13-1,"") -> 0.0017288378 | D14: =IF(ISNUMBER(C14),ABS(C14-BTC_Fit!$B$9),"") -> 0.001738201
... A1002: 2012-01-01 16:40 | B1002: 98.754283 | C1002: =IF(AND(ISNUMBER(B1002),ISNUMBER(B1001),B1001<>0),B1002/B1001-1,"") -> -0.00051895865 | D1002: =IF(ISNUMBER(C1002),ABS(C1002-BTC_Fit!$B$9),"") -> 0.00050959539

Sheet BTC_Fit
A1: Part 1 - Best-fitting distribution for BTC/USD 1-minute returns (KS test)
A3: Significance level (alpha) | B3: 0.05 | C3: Assumption: conventional 5% level (input, editable).
A5: Sample statistic | B5: Value | E5: Distribution | F5: KS statistic D | G5: Critical D (approx) | H5: Reject fit? | I5: Rank
A6: n (returns) | B6: =COUNT(BTC_Data!$C$3:$C$1002) -> 1000 | E6: Normal | F6: =MAX(H37:H1036) -> 0.063174615 | G6: =SQRT(-LN($B$3/2)/2)/SQRT($B$6) -> 0.042946941 | H6: =IF(F6>G6,"Yes","No") -> Yes | I6: =RANK(F6,$F$6:$F$9,1) -> 4
A7: Mean | B7: =AVERAGE(BTC_Data!$C$3:$C$1002) -> -1.1725582e-05 | E7: Student-t | F7: =MAX(I37:I1036) -> 0.040942289 | G7: =SQRT(-LN($B$3/2)/2)/SQRT($B$6) -> 0.042946941 | H7: =IF(F7>G7,"Yes","No") -> No | I7: =RANK(F7,$F$6:$F$9,1) -> 2
A8: Std. deviation | B8: =STDEV(BTC_Data!$C$3:$C$1002) -> 0.0012732472 | E8: Laplace | F8: =MAX(J37:J1036) -> 0.01810233 | G8: =SQRT(-LN($B$3/2)/2)/SQRT($B$6) -> 0.042946941 | H8: =IF(F8>G8,"Yes","No") -> No | I8: =RANK(F8,$F$6:$F$9,1) -> 1
A9: Median | B9: =MEDIAN(BTC_Data!$C$3:$C$1002) -> -9.3632603e-06 | E9: Logistic | F9: =MAX(K37:K1036) -> 0.041931357 | G9: =SQRT(-LN($B$3/2)/2)/SQRT($B$6) -> 0.042946941 | H9: =IF(F9>G9,"Yes","No") -> No | I9: =RANK(F9,$F$6:$F$9,1) -> 3
A10: Skewness | B10: =SKEW(BTC_Data!$C$3:$C$1002) -> 0.045147372
A11: Excess kurtosis | B11: =KURT(BTC_Data!$C$3:$C$1002) -> 2.3212655 | E11: BEST-FITTING DISTRIBUTION | F11: =INDEX(E6:E9,MATCH(MIN(F6:F9),F6:F9,0)) -> Laplace
A12: Check: n >= 30 required | B12: =IF(B6>=30,"OK","Too few returns") -> OK | E12: Lowest D | F12: =MIN(F6:F9) -> 0.01810233
E13: Interpretation | F13: ="Best fit: "&F11&" (D = "&TEXT(F12,"0.0000")&"). Normal D = "&TEXT(F6,"0.0000")&". "&IF(F6>F12,"Normal fits worse, consistent with fat-tailed crypto returns.","Normal is competitive.") -> Best fit: Laplace (D = 0.0181). Normal D = 0.0632. Normal fits worse, consistent with fat-tailed crypto returns.
A14: Fitted parameters | B14: Value | C14: Basis
A15: Normal: mean (mu) | B15: =B7 -> -1.1725582e-05 | C15: Sample mean (MLE) | E15: Full-dataset result from Python (paste)
A16: Normal: sd (sigma) | B16: =B8 -> 0.0012732472 | C16: Sample sd | E16: Best distribution (fitter) | F16: e.g. laplace
A17: Student-t: df (rounded) | B17: =IF(B11>0,MIN(100,MAX(3,ROUND(4+6/B11,0))),100) -> 7 | C17: Moment match: excess kurt = 6/(df-4) | E17: Sum of squared error
A18: Student-t: scale | B18: =B8*SQRT((B17-2)/B17) -> 0.0010760903 | C18: Matches sample variance | E18: Rows used
A19: Laplace: location | B19: =B9 -> -9.3632603e-06 | C19: Median (MLE) | E19: Replace the example text with your actual Python output.
A20: Laplace: scale b | B20: =AVERAGE(BTC_Data!$D$3:$D$1002) -> 0.0009111432 | C20: Mean abs. deviation from median (MLE)
A21: Logistic: scale | B21: =B8*SQRT(3)/PI() -> 0.00070197796 | C21: Matches sample variance
A36: k | B36: Sorted return x(k) | C36: Empirical CDF | D36: Normal CDF | E36: Student-t CDF | F36: Laplace CDF | G36: Logistic CDF | H36: |D| Normal | I36: |D| Student-t | J36: |D| Laplace | K36: |D| Logistic
A37: 1 | B37: =IF(A37>$B$6,"",SMALL(BTC_Data!$C$3:$C$1002,A37)) -> -0.0054045977 | C37: =IF(B37="","",A37/$B$6) -> 0.001 | D37: =IF(B37="","",NORMDIST(B37,$B$15,$B$16,TRUE())) -> 1.1400844e-05 | E37: =IF(B37="","",IF(B37>=$B$15,1-TDIST((B37-$B$15)/$B$18,$B$17,1),TDIST(($B$15-B37)/$B$18,$B$17,1))) -> 0.00077253683 | F37: =IF(B37="","",IF(B37<$B$19,0.5*EXP((B37-$B$19)/$B$20),1-0.5*EXP(-(B37-$B$19)/$B$20))) -> 0.0013407349 | G37: =IF(B37="","",1/(1+EXP(-(B37-$B$15)/$B$21))) -> 0.00046065742 | H37: =IF(B37="","",MAX(ABS($A37/$B$6-D37),ABS(($A37-1)/$B$6-D37))) -> 0.00098859916 | I37: =IF(B37="","",MAX(ABS($A37/$B$6-E37),ABS(($A37-1)/$B$6-E37))) -> 0.00077253683 | J37: =IF(B37="","",MAX(ABS($A37/$B$6-F37),ABS(($A37-1)/$B$6-F37))) -> 0.0013407349 | K37: =IF(B37="","",MAX(ABS($A37/$B$6-G37),ABS(($A37-1)/$B$6-G37))) -> 0.00053934258
A38: 2 | B38: =IF(A38>$B$6,"",SMALL(BTC_Data!$C$3:$C$1002,A38)) -> -0.0051366266 | C38: =IF(B38="","",A38/$B$6) -> 0.002 | D38: =IF(B38="","",NORMDIST(B38,$B$15,$B$16,TRUE())) -> 2.8479951e-05 | E38: =IF(B38="","",IF(B38>=$B$15,1-TDIST((B38-$B$15)/$B$18,$B$17,1),TDIST(($B$15-B38)/$B$18,$B$17,1))) -> 0.0010267259 | F38: =IF(B38="","",IF(B38<$B$19,0.5*EXP((B38-$B$19)/$B$20),1-0.5*EXP(-(B38-$B$19)/$B$20))) -> 0.0017991641 | G38: =IF(B38="","",1/(1+EXP(-(B38-$B$15)/$B$21))) -> 0.00067463902 | H38: =IF(B38="","",MAX(ABS($A38/$B$6-D38),ABS(($A38-1)/$B$6-D38))) -> 0.00197152 | I38: =IF(B38="","",MAX(ABS($A38/$B$6-E38),ABS(($A38-1)/$B$6-E38))) -> 0.00097327408 | J38: =IF(B38="","",MAX(ABS($A38/$B$6-F38),ABS(($A38-1)/$B$6-F38))) -> 0.00079916412 | K38: =IF(B38="","",MAX(ABS($A38/$B$6-G38),ABS(($A38-1)/$B$6-G38))) -> 0.001325361
A39: 3 | B39: =IF(A39>$B$6,"",SMALL(BTC_Data!$C$3:$C$1002,A39)) -> -0.0048400963 | C39: =IF(B39="","",A39/$B$6) -> 0.003 | D39: =IF(B39="","",NORMDIST(B39,$B$15,$B$16,TRUE())) -> 7.4668089e-05 | E39: =IF(B39="","",IF(B39>=$B$15,1-TDIST((B39-$B$15)/$B$18,$B$17,1),TDIST(($B$15-B39)/$B$18,$B$17,1))) -> 0.00142122 | F39: =IF(B39="","",IF(B39<$B$19,0.5*EXP((B39-$B$19)/$B$20),1-0.5*EXP(-(B39-$B$19)/$B$20))) -> 0.0024912155 | G39: =IF(B39="","",1/(1+EXP(-(B39-$B$15)/$B$21))) -> 0.0010288987 | H39: =IF(B39="","",MAX(ABS($A39/$B$6-D39),ABS(($A39-1)/$B$6-D39))) -> 0.0029253319 | I39: =IF(B39="","",MAX(ABS($A39/$B$6-E39),ABS(($A39-1)/$B$6-E39))) -> 0.00157878 | J39: =IF(B39="","",MAX(ABS($A39/$B$6-F39),ABS(($A39-1)/$B$6-F39))) -> 0.00050878445 | K39: =IF(B39="","",MAX(ABS($A39/$B$6-G39),ABS(($A39-1)/$B$6-G39))) -> 0.0019711013
A40: 4 | B40: =IF(A40>$B$6,"",SMALL(BTC_Data!$C$3:$C$1002,A40)) -> -0.0043437653 | C40: =IF(B40="","",A40/$B$6) -> 0.004 | D40: =IF(B40="","",NORMDIST(B40,$B$15,$B$16,TRUE())) -> 0.00033403817 | E40: =IF(B40="","",IF(B40>=$B$15,1-TDIST((B40-$B$15)/$B$18,$B$17,1),TDIST(($B$15-B40)/$B$18,$B$17,1))) -> 0.002511495 | F40: =IF(B40="","",IF(B40<$B$19,0.5*EXP((B40-$B$19)/$B$20),1-0.5*EXP(-(B40-$B$19)/$B$20))) -> 0.0042952298 | G40: =IF(B40="","",1/(1+EXP(-(B40-$B$15)/$B$21))) -> 0.002084394 | H40: =IF(B40="","",MAX(ABS($A40/$B$6-D40),ABS(($A40-1)/$B$6-D40))) -> 0.0036659618 | I40: =IF(B40="","",MAX(ABS($A40/$B$6-E40),ABS(($A40-1)/$B$6-E40))) -> 0.001488505 | J40: =IF(B40="","",MAX(ABS($A40/$B$6-F40),ABS(($A40-1)/$B$6-F40))) -> 0.0012952298 | K40: =IF(B40="","",MAX(ABS($A40/$B$6-G40),ABS(($A40-1)/$B$6-G40))) -> 0.001915606
A41: 5 | B41: =IF(A41>$B$6,"",SMALL(BTC_Data!$C$3:$C$1002,A41)) -> -0.0042394531 | C41: =IF(B41="","",A41/$B$6) -> 0.005 | D41: =IF(B41="","",NORMDIST(B41,$B$15,$B$16,TRUE())) -> 0.00044939524 | E41: =IF(B41="","",IF(B41>=$B$15,1-TDIST((B41-$B$15)/$B$18,$B$17,1),TDIST(($B$15-B41)/$B$18,$B$17,1))) -> 0.0028422692 | F41: =IF(B41="","",IF(B41<$B$19,0.5*EXP((B41-$B$19)/$B$20),1-0.5*EXP(-(B41-$B$19)/$B$20))) -> 0.0048162232 | G41: =IF(B41="","",1/(1+EXP(-(B41-$B$15)/$B$21))) -> 0.0024175191 | H41: =IF(B41="","",MAX(ABS($A41/$B$6-D41),ABS(($A41-1)/$B$6-D41))) -> 0.0045506048 | I41: =IF(B41="","",MAX(ABS($A41/$B$6-E41),ABS(($A41-1)/$B$6-E41))) -> 0.0021577308 | J41: =IF(B41="","",MAX(ABS($A41/$B$6-F41),ABS(($A41-1)/$B$6-F41))) -> 0.00081622321 | K41: =IF(B41="","",MAX(ABS($A41/$B$6-G41),ABS(($A41-1)/$B$6-G41))) -> 0.0025824809
A42: 6 | B42: =IF(A42>$B$6,"",SMALL(BTC_Data!$C$3:$C$1002,A42)) -> -0.0041924501 | C42: =IF(B42="","",A42/$B$6) -> 0.006 | D42: =IF(B42="","",NORMDIST(B42,$B$15,$B$16,TRUE())) -> 0.00051260837 | E42: =IF(B42="","",IF(B42>=$B$15,1-TDIST((B42-$B$15)/$B$18,$B$17,1),TDIST(($B$15-B42)/$B$18,$B$17,1))) -> 0.0030066165 | F42: =IF(B42="","",IF(B42<$B$19,0.5*EXP((B42-$B$19)/$B$20),1-0.5*EXP(-(B42-$B$19)/$B$20))) -> 0.0050711971 | G42: =IF(B42="","",1/(1+EXP(-(B42-$B$15)/$B$21))) -> 0.0025845009 | H42: =IF(B42="","",MAX(ABS($A42/$B$6-D42),ABS(($A42-1)/$B$6-D42))) -> 0.0054873916 | I42: =IF(B42="","",MAX(ABS($A42/$B$6-E42),ABS(($A42-1)/$B$6-E42))) -> 0.0029933835 | J42: =IF(B42="","",MAX(ABS($A42/$B$6-F42),ABS(($A42-1)/$B$6-F42))) -> 0.00092880286 | K42: =IF(B42="","",MAX(ABS($A42/$B$6-G42),ABS(($A42-1)/$B$6-G42))) -> 0.0034154991
A43: 7 | B43: =IF(A43>$B$6,"",SMALL(BTC_Data!$C$3:$C$1002,A43)) -> -0.0040704287 | C43: =IF(B43="","",A43/$B$6) -> 0.007 | D43: =IF(B43="","",NORMDIST(B43,$B$15,$B$16,TRUE())) -> 0.00071709862 | E43: =IF(B43="","",IF(B43>=$B$15,1-TDIST((B43-$B$15)/$B$18,$B$17,1),TDIST(($B$15-B43)/$B$18,$B$17,1))) -> 0.0034836576 | F43: =IF(B43="","",IF(B43<$B$19,0.5*EXP((B43-$B$19)/$B$20),1-0.5*EXP(-(B43-$B$19)/$B$20))) -> 0.0057979135 | G43: =IF(B43="","",1/(1+EXP(-(B43-$B$15)/$B$21))) -> 0.0030736537 | H43: =IF(B43="","",MAX(ABS($A43/$B$6-D43),ABS(($A43-1)/$B$6-D43))) -> 0.0062829014 | I43: =IF(B43="","",MAX(ABS($A43/$B$6-E43),ABS(($A43-1)/$B$6-E43))) -> 0.0035163424 | J43: =IF(B43="","",MAX(ABS($A43/$B$6-F43),ABS(($A43-1)/$B$6-F43))) -> 0.0012020865 | K43: =IF(B43="","",MAX(ABS($A43/$B$6-G43),ABS(($A43-1)/$B$6-G43))) -> 0.0039263463
A44: 8 | B44: =IF(A44>$B$6,"",SMALL(BTC_Data!$C$3:$C$1002,A44)) -> -0.0038022811 | C44: =IF(B44="","",A44/$B$6) -> 0.008 | D44: =IF(B44="","",NORMDIST(B44,$B$15,$B$16,TRUE())) -> 0.0014550523 | E44: =IF(B44="","",IF(B44>=$B$15,1-TDIST((B44-$B$15)/$B$18,$B$17,1),TDIST(($B$15-B44)/$B$18,$B$17,1))) -> 0.0048473423 | F44: =IF(B44="","",IF(B44<$B$19,0.5*EXP((B44-$B$19)/$B$20),1-0.5*EXP(-(B44-$B$19)/$B$20))) -> 0.0077818656 | G44: =IF(B44="","",1/(1+EXP(-(B44-$B$15)/$B$21))) -> 0.0044970734 | H44: =IF(B44="","",MAX(ABS($A44/$B$6-D44),ABS(($A44-1)/$B$6-D44))) -> 0.0065449477 | I44: =IF(B44="","",MAX(ABS($A44/$B$6-E44),ABS(($A44-1)/$B$6-E44))) -> 0.0031526577 | J44: =IF(B44="","",MAX(ABS($A44/$B$6-F44),ABS(($A44-1)/$B$6-F44))) -> 0.00078186564 | K44: =IF(B44="","",MAX(ABS($A44/$B$6-G44),ABS(($A44-1)/$B$6-G44))) -> 0.0035029266
A45: 9 | B45: =IF(A45>$B$6,"",SMALL(BTC_Data!$C$3:$C$1002,A45)) -> -0.0037964243 | C45: =IF(B45="","",A45/$B$6) -> 0.009 | D45: =IF(B45="","",NORMDIST(B45,$B$15,$B$16,TRUE())) -> 0.0014770339 | E45: =IF(B45="","",IF(B45>=$B$15,1-TDIST((B45-$B$15)/$B$18,$B$17,1),TDIST(($B$15-B45)/$B$18,$B$17,1))) -> 0.0048829409 | F45: =IF(B45="","",IF(B45<$B$19,0.5*EXP((B45-$B$19)/$B$20),1-0.5*EXP(-(B45-$B$19)/$B$20))) -> 0.0078320484 | G45: =IF(B45="","",1/(1+EXP(-(B45-$B$15)/$B$21))) -> 0.0045345798 | H45: =IF(B45="","",MAX(ABS($A45/$B$6-D45),ABS(($A45-1)/$B$6-D45))) -> 0.0075229661 | I45: =IF(B45="","",MAX(ABS($A45/$B$6-E45),ABS(($A45-1)/$B$6-E45))) -> 0.0041170591 | J45: =IF(B45="","",MAX(ABS($A45/$B$6-F45),ABS(($A45-1)/$B$6-F45))) -> 0.0011679516 | K45: =IF(B45="","",MAX(ABS($A45/$B$6-G45),ABS(($A45-1)/$B$6-G45))) -> 0.0044654202
A46: 10 | B46: =IF(A46>$B$6,"",SMALL(BTC_Data!$C$3:$C$1002,A46)) -> -0.0035900387 | C46: =IF(B46="","",A46/$B$6) -> 0.01 | D46: =IF(B46="","",NORMDIST(B46,$B$15,$B$16,TRUE())) -> 0.0024741237 | E46: =IF(B46="","",IF(B46>=$B$15,1-TDIST((B46-$B$15)/$B$18,$B$17,1),TDIST(($B$15-B46)/$B$18,$B$17,1))) -> 0.0063363358 | F46: =IF(B46="","",IF(B46<$B$19,0.5*EXP((B46-$B$19)/$B$20),1-0.5*EXP(-(B46-$B$19)/$B$20))) -> 0.0098231015 | G46: =IF(B46="","",1/(1+EXP(-(B46-$B$15)/$B$21))) -> 0.0060750462 | H46: =IF(B46="","",MAX(ABS($A46/$B$6-D46),ABS(($A46-1)/$B$6-D46))) -> 0.0075258763 | I46: =IF(B46="","",MAX(ABS($A46/$B$6-E46),ABS(($A46-1)/$B$6-E46))) -> 0.0036636642 | J46: =IF(B46="","",MAX(ABS($A46/$B$6-F46),ABS(($A46-1)/$B$6-F46))) -> 0.00082310148 | K46: =IF(B46="","",MAX(ABS($A46/$B$6-G46),ABS(($A46-1)/$B$6-G46))) -> 0.0039249538
A47: 11 | B47: =IF(A47>$B$6,"",SMALL(BTC_Data!$C$3:$C$1002,A47)) -> -0.0034576021 | C47: =IF(B47="","",A47/$B$6) -> 0.011 | D47: =IF(B47="","",NORMDIST(B47,$B$15,$B$16,TRUE())) -> 0.0034011724 | E47: =IF(B47="","",IF(B47>=$B$15,1-TDIST((B47-$B$15)/$B$18,$B$17,1),TDIST(($B$15-B47)/$B$18,$B$17,1))) -> 0.0075097266 | F47: =IF(B47="","",IF(B47<$B$19,0.5*EXP((B47-$B$19)/$B$20),1-0.5*EXP(-(B47-$B$19)/$B$20))) -> 0.011359893 | G47: =IF(B47="","",1/(1+EXP(-(B47-$B$15)/$B$21))) -> 0.0073271823 | H47: =IF(B47="","",MAX(ABS($A47/$B$6-D47),ABS(($A47-1)/$B$6-D47))) -> 0.0075988276 | I47: =IF(B47="","",MAX(ABS($A47/$B$6-E47),ABS(($A47-1)/$B$6-E47))) -> 0.0034902734 | J47: =IF(B47="","",MAX(ABS($A47/$B$6-F47),ABS(($A47-1)/$B$6-F47))) -> 0.0013598933 | K47: =IF(B47="","",MAX(ABS($A47/$B$6-G47),ABS(($A47-1)/$B$6-G47))) -> 0.0036728177
A48: 12 | B48: =IF(A48>$B$6,"",SMALL(BTC_Data!$C$3:$C$1002,A48)) -> -0.003334303 | C48: =IF(B48="","",A48/$B$6) -> 0.012 | D48: =IF(B48="","",NORMDIST(B48,$B$15,$B$16,TRUE())) -> 0.0045333275 | E48: =IF(B48="","",IF(B48>=$B$15,1-TDIST((B48-$B$15)/$B$18,$B$17,1),TDIST(($B$15-B48)/$B$18,$B$17,1))) -> 0.0088126618 | F48: =IF(B48="","",IF(B48<$B$19,0.5*EXP((B48-$B$19)/$B$20),1-0.5*EXP(-(B48-$B$19)/$B$20))) -> 0.013006022 | G48: =IF(B48="","",1/(1+EXP(-(B48-$B$15)/$B$21))) -> 0.0087218408 | H48: =IF(B48="","",MAX(ABS($A48/$B$6-D48),ABS(($A48-1)/$B$6-D48))) -> 0.0074666725 | I48: =IF(B48="","",MAX(ABS($A48/$B$6-E48),ABS(($A48-1)/$B$6-E48))) -> 0.0031873382 | J48: =IF(B48="","",MAX(ABS($A48/$B$6-F48),ABS(($A48-1)/$B$6-F48))) -> 0.0020060224 | K48: =IF(B48="","",MAX(ABS($A48/$B$6-G48),ABS(($A48-1)/$B$6-G48))) -> 0.0032781592
... A1036: 1000 | B1036: =IF(A1036>$B$6,"",SMALL(BTC_Data!$C$3:$C$1002,A1036)) -> 0.005692714 | C1036: =IF(B1036="","",A1036/$B$6) -> 1 | D1036: =IF(B1036="","",NORMDIST(B1036,$B$15,$B$16,TRUE())) -> 0.99999627 | E1036: =IF(B1036="","",IF(B1036>=$B$15,1-TDIST((B1036-$B$15)/$B$18,$B$17,1),TDIST(($B$15-B1036)/$B$18,$B$17,1))) -> 0.99943897 | F1036: =IF(B1036="","",IF(B1036<$B$19,0.5*EXP((B1036-$B$19)/$B$20),1-0.5*EXP(-(B1036-$B$19)/$B$20))) -> 0.99904261 | G1036: =IF(B1036="","",1/(1+EXP(-(B1036-$B$15)/$B$21))) -> 0.99970441 | H1036: =IF(B1036="","",MAX(ABS($A1036/$B$6-D1036),ABS(($A1036-1)/$B$6-D1036))) -> 0.00099627186 | I1036: =IF(B1036="","",MAX(ABS($A1036/$B$6-E1036),ABS(($A1036-1)/$B$6-E1036))) -> 0.00056102662 | J1036: =IF(B1036="","",MAX(ABS($A1036/$B$6-F1036),ABS(($A1036-1)/$B$6-F1036))) -> 0.00095738563 | K1036: =IF(B1036="","",MAX(ABS($A1036/$B$6-G1036),ABS(($A1036-1)/$B$6-G1036))) -> 0.00070440879

Sheet ETH_Data
A1: Datetime | B1: Close (USD) | C1: Return | D1: (unused) | F1: Paste real Close prices over the blue cells (A:B). Max 1,001 rows.
A2: 2015-08-07 00:00 | B2: 100
A3: 2015-08-07 00:05 | B3: 99.965346 | C3: =IF(AND(ISNUMBER(B3),ISNUMBER(B2),B2<>0),B3/B2-1,"") -> -0.00034654
A4: 2015-08-07 00:10 | B4: 99.945128 | C4: =IF(AND(ISNUMBER(B4),ISNUMBER(B3),B3<>0),B4/B3-1,"") -> -0.00020225009
A5: 2015-08-07 00:15 | B5: 100.01807 | C5: =IF(AND(ISNUMBER(B5),ISNUMBER(B4),B4<>0),B5/B4-1,"") -> 0.00072980046
A6: 2015-08-07 00:20 | B6: 100.11026 | C6: =IF(AND(ISNUMBER(B6),ISNUMBER(B5),B5<>0),B6/B5-1,"") -> 0.00092177345
A7: 2015-08-07 00:25 | B7: 100.135 | C7: =IF(AND(ISNUMBER(B7),ISNUMBER(B6),B6<>0),B7/B6-1,"") -> 0.00024708756
A8: 2015-08-07 00:30 | B8: 100.1465 | C8: =IF(AND(ISNUMBER(B8),ISNUMBER(B7),B7<>0),B8/B7-1,"") -> 0.00011487492
A9: 2015-08-07 00:35 | B9: 100.24745 | C9: =IF(AND(ISNUMBER(B9),ISNUMBER(B8),B8<>0),B9/B8-1,"") -> 0.0010080332
A10: 2015-08-07 00:40 | B10: 100.22116 | C10: =IF(AND(ISNUMBER(B10),ISNUMBER(B9),B9<>0),B10/B9-1,"") -> -0.00026226103
A11: 2015-08-07 00:45 | B11: 100.27324 | C11: =IF(AND(ISNUMBER(B11),ISNUMBER(B10),B10<>0),B11/B10-1,"") -> 0.00051964076
A12: 2015-08-07 00:50 | B12: 100.26683 | C12: =IF(AND(ISNUMBER(B12),ISNUMBER(B11),B11<>0),B12/B11-1,"") -> -6.3935303e-05
A13: 2015-08-07 00:55 | B13: 100.27462 | C13: =IF(AND(ISNUMBER(B13),ISNUMBER(B12),B12<>0),B13/B12-1,"") -> 7.7692693e-05
A14: 2015-08-07 01:00 | B14: 100.26869 | C14: =IF(AND(ISNUMBER(B14),ISNUMBER(B13),B13<>0),B14/B13-1,"") -> -5.9127624e-05
... A1002: 2015-08-10 11:20 | B1002: 97.865657 | C1002: =IF(AND(ISNUMBER(B1002),ISNUMBER(B1001),B1001<>0),B1002/B1001-1,"") -> 0.00021945096

Sheet ETH_Normality
A1: Part 2 - Normality of ETH/USD 5-minute returns (Shapiro-Wilk)
A3: Significance level (alpha) | B3: 0.05
A5: Sample statistic (workbook sample) | B5: Value
A6: n (returns) | B6: =COUNT(ETH_Data!$C$3:$C$1002) -> 1000
A7: Mean | B7: =AVERAGE(ETH_Data!$C$3:$C$1002) -> -2.1115049e-05
A8: Std. deviation | B8: =STDEV(ETH_Data!$C$3:$C$1002) -> 0.00095890656
A9: Skewness | B9: =SKEW(ETH_Data!$C$3:$C$1002) -> 0.30751075
A10: Excess kurtosis | B10: =KURT(ETH_Data!$C$3:$C$1002) -> 8.7370221
A11: Jarque-Bera statistic | B11: =B6/6*(B9^2+B10^2/4) -> 3196.4086
A12: Jarque-Bera p-value | B12: =CHIDIST(B11,2) -> 0
A13: Jarque-Bera decision (cross-check) | B13: =IF(B12>B3,"Fail to reject normality","Reject normality") -> Reject normality
A15: Shapiro-Wilk result from Python (paste) | B15: Value
A16: W statistic | B16: 0.8123 | C16: EXAMPLE values - replace with your Python output.
A17: p-value | B17: 1.2e-30
A18: n used in Python | B18: 5000
A20: Shapiro-Wilk decision | B20: =IF(B17>B3,"Fail to reject H0: returns look normal","Reject H0: returns are NOT normally distributed") -> Reject H0: returns are NOT normally distributed
A21: Reliability note | B21: =IF(B18>5000,"n > 5000: SciPy p-value may be inaccurate; subsample or also use normaltest/Jarque-Bera","n within reliable range") -> n within reliable range
A23: H0: returns are normally distributed. H1: they are not. Reject H0 when p-value <= alpha.
